feature,coef,abs_coef
type.II.respiratory.failure_NonTypeII,-0.7091777971842125,0.7091777971842125
eye.opening,-0.22991589505560034,0.22991589505560034
Inorganic.Phosphorus,0.2216504585663108,0.2216504585663108
liver.disease,0.1530200015113414,0.1530200015113414
hydroxybutyrate.dehydrogenase,0.14567967616707087,0.14567967616707087
cystatin,0.13824710837591409,0.13824710837591409
D.dimer,0.1323787134756372,0.1323787134756372
movement,-0.10108752455692863,0.10108752455692863
thrombin.time,0.09666976257291385,0.09666976257291385
fio2,0.0883777049300426,0.0883777049300426
white.globulin.ratio,-0.08408573149063438,0.08408573149063438
congestive.heart.failure,-0.05557515412838447,0.05557515412838447
oxyhemoglobin,-0.05204620441534331,0.05204620441534331
high.sensitivity.protein,0.041385708791142506,0.041385708791142506
acute.renal.failure,0.03413452683057804,0.03413452683057804
glutamic.oxaloacetic.transaminase,0.022868232929700825,0.022868232929700825
pH,-0.012881142080968041,0.012881142080968041
brain.natriuretic.peptide,0.007155830798063346,0.007155830798063346
total.bilirubin,0.0,0.0
glutamic.pyruvic.transaminase,0.0,0.0
reduced.hemoglobin,0.0,0.0
potassium.ion,0.0,0.0
chloride.ion,0.0,0.0
sodium.ion,0.0,0.0
glucose.blood.gas,0.0,0.0
hematocrit.blood.gas,0.0,0.0
lactate,0.0,0.0
measured.residual.base,0.0,0.0
measured.bicarbonate,0.0,0.0
carboxyhemoglobin,0.0,0.0
oxygen.saturation,0.0,0.0
partial.oxygen.pressure,0.0,0.0
glutamic.oxaliplatin,0.0,0.0
total.carbon.dioxide,0.0,0.0
methemoglobin,0.0,0.0
indirect.bilirubin,0.0,0.0
total.bile.acid,0.0,0.0
partial.pressure.of.carbon.dioxide,0.0,0.0
alkaline.phosphatase,0.0,0.0
standard.bicarbonate,0.0,0.0
anion.gap,0.0,0.0
globulin,0.0,0.0
high.density.lipoprotein.cholesterol,0.0,0.0
triglyceride,0.0,0.0
low.density.lipoprotein.cholesterol,0.0,0.0
cholesterol,0.0,0.0
direct.bilirubin,0.0,0.0
total.protein,0.0,0.0
standard.residual.base,0.0,0.0
visit.times,0.0,0.0
free.calcium,0.0,0.0
NYHA.cardiac.function.classification_IV,0.0,0.0
Killip.grade_II,0.0,0.0
Killip.grade_III,0.0,0.0
Killip.grade_IV,0.0,0.0
type.II.respiratory.failure_TypeII,0.0,0.0
consciousness_Clear,0.0,0.0
consciousness_Nonresponsive,0.0,0.0
consciousness_ResponsiveToPain,0.0,0.0
consciousness_ResponsiveToSound,0.0,0.0
oxygen.inhalation_AmbientAir,0.0,0.0
oxygen.inhalation_OxygenTherapy,0.0,0.0
"ageCat_(21,29]",0.0,0.0
"ageCat_(29,39]",0.0,0.0
"ageCat_(39,49]",0.0,0.0
"ageCat_(49,59]",0.0,0.0
"ageCat_(59,69]",0.0,0.0
"ageCat_(69,79]",0.0,0.0
"ageCat_(79,89]",0.0,0.0
Killip.grade_I,0.0,0.0
NYHA.cardiac.function.classification_III,0.0,0.0
total.hemoglobin,0.0,0.0
NYHA.cardiac.function.classification_II,0.0,0.0
GCS,0.0,0.0
admission.ward_Cardiology,0.0,0.0
glutamyltranspeptidase,0.0,0.0
admission.ward_ICU,0.0,0.0
admission.ward_Others,0.0,0.0
admission.way_Emergency,0.0,0.0
admission.way_NonEmergency,0.0,0.0
occupation_Officer,0.0,0.0
occupation_Others,0.0,0.0
occupation_UrbanResident,0.0,0.0
occupation_farmer,0.0,0.0
occupation_worker,0.0,0.0
gender_Female,0.0,0.0
gender_Male,0.0,0.0
type.of.heart.failure_Both,0.0,0.0
type.of.heart.failure_Left,0.0,0.0
type.of.heart.failure_Right,0.0,0.0
admission.ward_GeneralWard,0.0,0.0
creatine.kinase.isoenzyme,0.0,0.0
albumin,0.0,0.0
hemiplegia,0.0,0.0
solid.tumor,0.0,0.0
AIDS,0.0,0.0
CCI.score,0.0,0.0
verbal.response,0.0,0.0
LVEF,0.0,0.0
left.ventricular.end.diastolic.diameter.LV,0.0,0.0
mitral.valve.EMS,0.0,0.0
mitral.valve.AMS,0.0,0.0
tricuspid.valve.return.velocity,0.0,0.0
creatinine.enzymatic.method,0.0,0.0
urea,0.0,0.0
uric.acid,0.0,0.0
glomerular.filtration.rate,0.0,0.0
white.blood.cell,0.0,0.0
monocyte.ratio,0.0,0.0
malignant.lymphoma,0.0,0.0
moderate.to.severe.chronic.kidney.disease,0.0,0.0
red.blood.cell,0.0,0.0
diabetes,0.0,0.0
pulse,0.0,0.0
respiration,0.0,0.0
systolic.blood.pressure,0.0,0.0
diastolic.blood.pressure,0.0,0.0
map,0.0,0.0
weight,0.0,0.0
height,0.0,0.0
BMI,0.0,0.0
myocardial.infarction,0.0,0.0
peripheral.vascular.disease,0.0,0.0
cerebrovascular.disease,0.0,0.0
dementia,0.0,0.0
Chronic.obstructive.pulmonary.disease,0.0,0.0
connective.tissue.disease,0.0,0.0
peptic.ulcer.disease,0.0,0.0
monocyte.count,0.0,0.0
coefficient.of.variation.of.red.blood.cell.distribution.width,0.0,0.0
fucosidase,0.0,0.0
activated.partial.thromboplastin.time,0.0,0.0
prothrombin.time.ratio,0.0,0.0
fibrinogen,0.0,0.0
high.sensitivity.troponin,0.0,0.0
carbon.dioxide.binding.capacity,0.0,0.0
calcium,0.0,0.0
potassium,0.0,0.0
chloride,0.0,0.0
sodium,0.0,0.0
serum.magnesium,0.0,0.0
creatine.kinase.isoenzyme.to.creatine.kinase,0.0,0.0
hydroxybutyrate.dehydrogenase.to.lactate.dehydrogenase,0.0,0.0
creatine.kinase,0.0,0.0
body.temperature,0.0,0.0
lactate.dehydrogenase,0.0,0.0
nucleotidase,0.0,0.0
prothrombin.activity,0.0,0.0
international.normalized.ratio,0.0,0.0
standard.deviation.of.red.blood.cell.distribution.width,0.0,0.0
neutrophil.count,0.0,0.0
mean.corpuscular.volume,0.0,0.0
hematocrit,0.0,0.0
lymphocyte.count,0.0,0.0
mean.hemoglobin.volume,0.0,0.0
mean.hemoglobin.concentration,0.0,0.0
mean.platelet.volume,0.0,0.0
basophil.ratio,0.0,0.0
basophil.count,0.0,0.0
eosinophil.ratio,0.0,0.0
eosinophil.count,0.0,0.0
hemoglobin,0.0,0.0
platelet,0.0,0.0
platelet.distribution.width,0.0,0.0
platelet.hematocrit,0.0,0.0
neutrophil.ratio,0.0,0.0
"ageCat_(89,110]",0.0,0.0
