feature,importance
hydroxybutyrate.dehydrogenase,0.028657208803329483
eye.opening,0.018785047723250545
GCS,0.018449314783724826
lactate.dehydrogenase,0.018406212532739687
high.sensitivity.troponin,0.018124109684826098
D.dimer,0.018110239540827914
glutamic.oxaloacetic.transaminase,0.01752212349899325
carbon.dioxide.binding.capacity,0.01732971850015065
movement,0.0171566477452114
urea,0.016835058001762906
neutrophil.count,0.01677029672708727
consciousness_Clear,0.015707069368895526
potassium,0.015505493448309147
cystatin,0.015348507867661886
lactate,0.01479215488041543
anion.gap,0.014775619255504741
fio2,0.01339359150820476
alkaline.phosphatase,0.013360657458742337
Killip.grade_IV,0.012899204652622363
creatinine.enzymatic.method,0.012453735309910771
white.blood.cell,0.012295210096050634
prothrombin.activity,0.012151939029151106
creatine.kinase,0.011884813617301416
high.sensitivity.protein,0.011616475431499046
verbal.response,0.01107352384548925
neutrophil.ratio,0.011069726361405277
thrombin.time,0.010978842446675085
consciousness_Nonresponsive,0.010765850319603084
brain.natriuretic.peptide,0.010288343314066525
glutamic.pyruvic.transaminase,0.010166391910723225
prothrombin.time.ratio,0.010065317709176371
hydroxybutyrate.dehydrogenase.to.lactate.dehydrogenase,0.01001484371293459
glomerular.filtration.rate,0.009965348058538584
activated.partial.thromboplastin.time,0.009846397954310396
albumin,0.00983140706887377
eosinophil.ratio,0.009830282432714848
potassium.ion,0.009610581349489791
mean.hemoglobin.concentration,0.009531427583604904
globulin,0.009486934592437038
sodium,0.009464460663009109
white.globulin.ratio,0.009457866718916411
creatine.kinase.isoenzyme,0.009193651318698915
uric.acid,0.009174414623303834
standard.bicarbonate,0.009153179456168158
basophil.ratio,0.00905177907691308
NYHA.cardiac.function.classification_III,0.00903756933628871
international.normalized.ratio,0.009006412478777367
eosinophil.count,0.008825690638970419
pH,0.008538966657590182
chloride,0.007960250291254757
creatine.kinase.isoenzyme.to.creatine.kinase,0.007938645304914692
Inorganic.Phosphorus,0.007767881884972894
calcium,0.007701179840656642
fibrinogen,0.007400094191415373
total.bilirubin,0.007329997221967422
hematocrit,0.006946849695307313
total.protein,0.0069058521879524284
measured.residual.base,0.0067343339428409515
glutamyltranspeptidase,0.006662011423075436
mean.corpuscular.volume,0.006564812338849126
standard.residual.base,0.006532826660182107
NYHA.cardiac.function.classification_IV,0.00648258576434655
platelet,0.006426721778827616
measured.bicarbonate,0.006346426576224789
red.blood.cell,0.006311150983002514
direct.bilirubin,0.006179608037442998
high.density.lipoprotein.cholesterol,0.005985496694422715
BMI,0.005855853764984669
oxyhemoglobin,0.005811821034266927
standard.deviation.of.red.blood.cell.distribution.width,0.005793328695179307
platelet.hematocrit,0.005782879046629833
partial.oxygen.pressure,0.005736824136927693
mean.platelet.volume,0.005701888443545234
Killip.grade_II,0.005606582571817834
diastolic.blood.pressure,0.005455602299099135
hemoglobin,0.005320486762803449
monocyte.ratio,0.005238657956231848
indirect.bilirubin,0.0051696950855065265
low.density.lipoprotein.cholesterol,0.00516270823768511
body.temperature,0.0050532638384514494
monocyte.count,0.004976842644643676
free.calcium,0.0049657434223618875
pulse,0.004889414924797751
left.ventricular.end.diastolic.diameter.LV,0.004838467962825058
cholesterol,0.004826333291481769
total.carbon.dioxide,0.004826163304336259
map,0.004820736825529026
partial.pressure.of.carbon.dioxide,0.004770348807999318
Killip.grade_I,0.004756399968634478
mean.hemoglobin.volume,0.004692605839467761
height,0.004664014298780104
respiration,0.004656765449595349
total.bile.acid,0.004632708312692339
lymphocyte.count,0.004560128859368491
systolic.blood.pressure,0.004540304471714764
platelet.distribution.width,0.004506794973970503
fucosidase,0.004489392603903952
serum.magnesium,0.004305398225539668
CCI.score,0.004201970169726872
reduced.hemoglobin,0.004163398848506252
nucleotidase,0.00414823065614091
oxygen.saturation,0.00401689414828419
hematocrit.blood.gas,0.003920382815053044
sodium.ion,0.003912585033359634
triglyceride,0.0036131809567311393
coefficient.of.variation.of.red.blood.cell.distribution.width,0.003597881455463593
methemoglobin,0.003464755566212879
mitral.valve.EMS,0.0034142543084897613
weight,0.003391075114844707
carboxyhemoglobin,0.0032688154389567416
basophil.count,0.0032514422442754113
glucose.blood.gas,0.0032229637323551046
chloride.ion,0.0028923337356007864
total.hemoglobin,0.002819940433467807
glutamic.oxaliplatin,0.0027949598123292218
type.II.respiratory.failure_NonTypeII,0.0027544725365661496
type.II.respiratory.failure_TypeII,0.0024080379247179416
LVEF,0.002241050240486642
"ageCat_(59,69]",0.0021708523620978864
Killip.grade_III,0.00205244638263709
liver.disease,0.0017442250953130735
tricuspid.valve.return.velocity,0.0015790569796161069
type.of.heart.failure_Both,0.0014124098604298238
congestive.heart.failure,0.001373714278470594
moderate.to.severe.chronic.kidney.disease,0.0012404846480303393
mitral.valve.AMS,0.0012209959226221656
gender_Female,0.0011183933288497914
gender_Male,0.0009670377974487923
type.of.heart.failure_Left,0.0008062389748953315
Chronic.obstructive.pulmonary.disease,0.000765468989908033
"ageCat_(79,89]",0.0007568427326989182
admission.ward_ICU,0.000737577908488885
admission.ward_Cardiology,0.0006881963388572494
diabetes,0.0006856057474720699
NYHA.cardiac.function.classification_II,0.0006624119458088605
cerebrovascular.disease,0.0005671841393346568
admission.way_NonEmergency,0.0005473906689394448
consciousness_ResponsiveToSound,0.0005321957444550619
admission.way_Emergency,0.0004774341913279658
admission.ward_GeneralWard,0.0004508379396016642
"ageCat_(69,79]",0.0004497201966831877
peptic.ulcer.disease,0.00040657635137701734
occupation_farmer,0.0003406119272341946
myocardial.infarction,0.0003235725233243011
visit.times,0.00031798518486950123
dementia,0.00031339575104310553
solid.tumor,0.00031336270648324135
occupation_UrbanResident,0.00022677314741830672
admission.ward_Others,0.00015666800843326212
acute.renal.failure,0.00015565096429732408
peripheral.vascular.disease,0.00010761669955649129
"ageCat_(49,59]",9.024827348771897e-05
occupation_Others,8.646062314843367e-05
"ageCat_(39,49]",7.545497133533818e-05
oxygen.inhalation_AmbientAir,6.073723699644893e-05
"ageCat_(89,110]",4.410076625782563e-05
oxygen.inhalation_OxygenTherapy,3.63080527544439e-05
consciousness_ResponsiveToPain,3.472535914865661e-05
occupation_worker,1.2876708844534271e-05
type.of.heart.failure_Right,1.201472547673941e-05
"ageCat_(29,39]",1.0466560448376694e-05
hemiplegia,8.937327607421191e-06
AIDS,7.811524680367023e-06
connective.tissue.disease,7.757286941613488e-06
occupation_Officer,4.996852120162126e-18
"ageCat_(21,29]",7.381889145737544e-19
malignant.lymphoma,0.0
