policy,model,selected_each,overlap,changed_flag_decisions,jaccard,deaths_both,deaths_full_only,deaths_restricted_only,deaths_neither
top_5_percent,LR,21,16,10,0.6153846153846154,2,0,1,5
top_5_percent,RF,21,17,8,0.68,3,0,0,5
top_5_percent,NN,21,12,18,0.4,2,1,0,5
top_10_percent,LR,41,30,22,0.5769230769230769,3,1,0,4
top_10_percent,RF,41,33,16,0.673469387755102,3,1,1,3
top_10_percent,NN,41,26,30,0.4642857142857143,4,1,1,2
top_20_percent,LR,81,69,24,0.7419354838709677,4,1,0,3
top_20_percent,RF,81,67,28,0.7052631578947368,5,0,2,1
top_20_percent,NN,81,52,58,0.4727272727272727,4,1,1,2
