metric,contrast,bootstrap_mean,percentile_2_5,percentile_97_5
average_precision,LR,0.25535558637165795,0.03013956883877795,0.5818485835479471
average_precision,RF,0.3356344311280308,0.03803609908339984,0.6970601224360712
average_precision,NN,0.1967855794329193,0.03233564515276592,0.4479863794703453
average_precision,LR-RF,-0.08027884475637287,-0.2532215457153172,0.0037566977259491097
average_precision,LR-NN,0.05857000693873861,-0.062190671118292726,0.2556437486661945
average_precision,RF-NN,0.13884885169511146,-0.02301802349636617,0.3631462353014121
roc_auc,LR,0.8093724349523115,0.6449860061779404,0.9553879456203577
roc_auc,RF,0.8461742308878786,0.6964255926015777,0.9699966748807739
roc_auc,NN,0.7827928067396112,0.4956936732538915,0.9677685182841158
roc_auc,LR-RF,-0.03680179593556707,-0.10292017581127653,0.005348071046600588
roc_auc,LR-NN,0.02657962821270028,-0.09672559681358434,0.21292055414192812
roc_auc,RF-NN,0.06338142414826735,-0.07735447016225895,0.3112016560751168
top_5_recall,LR,0.340632333415025,0.0,0.75
top_5_recall,RF,0.36464348041082617,0.0,0.75
top_5_recall,NN,0.3613073116147215,0.0,0.75
top_5_recall,LR-RF,-0.02401114699580109,-0.3333333333333333,0.25
top_5_recall,LR-NN,-0.02067497819969644,-0.33333333333333337,0.36363636363636365
top_5_recall,RF-NN,0.0033361687961046466,-0.3333333333333333,0.375
top_10_recall,LR,0.5069012541866229,0.14285714285714285,0.8894444444444439
top_10_recall,RF,0.534899580828021,0.16666666666666666,1.0
top_10_recall,NN,0.6191572481866429,0.25,1.0
top_10_recall,LR-RF,-0.027998326641398178,-0.25113636363636355,0.0
top_10_recall,LR-NN,-0.11225599400002002,-0.4,0.07692307692307687
top_10_recall,RF-NN,-0.08425766735862186,-0.36363636363636365,0.08333333333333326
top_20_recall,LR,0.5954519381118323,0.2,1.0
top_20_recall,RF,0.6390475752124456,0.25,1.0
top_20_recall,NN,0.6313202447362407,0.25,1.0
top_20_recall,LR-RF,-0.04359563710061327,-0.3,0.0
top_20_recall,LR-NN,-0.03586830662440836,-0.28571428571428575,0.0
top_20_recall,RF-NN,0.007727330476204913,0.0,0.16666666666666663
