policy,model,selected,deaths,tp,fn,recall,recall_95_low,recall_95_high
top_5_percent,LR,21,8,2,6,0.25,0.031854026249944226,0.6508557944128242
top_5_percent,RF,21,8,3,5,0.375,0.08523341413725354,0.7551367836334484
top_5_percent,NN,21,8,3,5,0.375,0.08523341413725354,0.7551367836334484
top_10_percent,LR,41,8,4,4,0.5,0.15701277048705795,0.842987229512942
top_10_percent,RF,41,8,4,4,0.5,0.15701277048705795,0.842987229512942
top_10_percent,NN,41,8,5,3,0.625,0.2448632163665516,0.9147665858627464
top_20_percent,LR,81,8,5,3,0.625,0.2448632163665516,0.9147665858627464
top_20_percent,RF,81,8,5,3,0.625,0.2448632163665516,0.9147665858627464
top_20_percent,NN,81,8,5,3,0.625,0.2448632163665516,0.9147665858627464
